{"Marianne": [0.4067619687207203, -1.611619199834484], "Garry": [0.4757035147041901, 1.5590523219796328]}