{"Marianne": [-0.6824821028279994, -0.39906686788427864], "Garry": [0.4757035147041901, 1.5590523219796328], "Gilbert": [1.6824797304450838, -0.3990663869689284], "Helga": [0.27031342518609386, -0.6463980619819899]}