{"Marianne": [0.22033766165309848, 1.259430690681045], "Garry": [0.4757035147041901, 1.5590523219796328], "Gilbert": [1.6824797304450838, -0.3990663869689284], "Helga": [0.27031342518609386, -0.6463980619819899], "Alex": [3.3193516941936316, 0.1151378137924756]}